{
  "elapsed_seconds": 26.15454391698586,
  "total_ops": 80000,
  "ops_per_second": 3058.7419246888358,
  "final_backend": "chaining",
  "migrations_triggered": 0,
  "compactions_triggered": 0,
  "latency_ms": {
    "overall": {
      "p50": 0.00104197533801198,
      "p90": 1.4218750002328306,
      "p99": 1.527417014585808
    },
    "put": {
      "p50": 1.393542013829574,
      "p90": 1.463458000216633,
      "p99": 1.594500005012378
    },
    "get": {
      "p50": 0.0007080088835209608,
      "p90": 0.0012920063454657793,
      "p99": 0.003167020622640848
    },
    "del": {
      "p50": 1.4079590036999434,
      "p90": 1.4655419799964875,
      "p99": 1.539333985419944
    }
  },
  "latency_sample": {
    "reservoir_k_overall": 1000,
    "reservoir_k_each": 333,
    "seen_overall": 625,
    "every_n_ops": 128
  },
  "latency_histogram_preset": "default"
}
