{
  "elapsed_seconds": 26.413351541996235,
  "total_ops": 80000,
  "ops_per_second": 3028.7712588386603,
  "final_backend": "chaining",
  "migrations_triggered": 0,
  "compactions_triggered": 0,
  "latency_ms": {
    "overall": {
      "p50": 0.0009170034900307655,
      "p90": 1.4336669992189854,
      "p99": 1.4912089973222464
    },
    "put": {
      "p50": 1.3971669832244515,
      "p90": 1.4500420074909925,
      "p99": 1.5090829983819276
    },
    "get": {
      "p50": 0.000667001586407423,
      "p90": 0.0012080126907676458,
      "p99": 0.0017920101527124643
    },
    "del": {
      "p50": 1.4158750127535313,
      "p90": 1.451499992981553,
      "p99": 1.4969579933676869
    }
  },
  "latency_sample": {
    "reservoir_k_overall": 1000,
    "reservoir_k_each": 333,
    "seen_overall": 625,
    "every_n_ops": 128
  },
  "latency_histogram_preset": "default"
}