{
  "elapsed_seconds": 75.44729675003327,
  "total_ops": 100000,
  "ops_per_second": 1325.4285349853294,
  "final_backend": "chaining",
  "migrations_triggered": 0,
  "compactions_triggered": 0,
  "latency_ms": {
    "overall": {
      "p50": 0.0007079215720295906,
      "p90": 2.9144579311832786,
      "p99": 5.703665898181498
    },
    "put": {
      "p50": 2.9097499791532755,
      "p90": 5.68812491837889,
      "p99": 5.857457988895476
    },
    "get": {
      "p50": 0.000583939254283905,
      "p90": 0.001125037670135498,
      "p99": 0.0015409896150231361
    },
    "del": {
      "p50": 2.971665933728218,
      "p90": 5.669583915732801,
      "p99": 5.7833329774439335
    }
  },
  "latency_loop_ms": {
    "overall": {
      "p50": 0.0035420525819063187,
      "p90": 5.551041918806732,
      "p99": 8.99291702080518
    },
    "put": {
      "p50": 2.9268749058246613,
      "p90": 5.704124923795462,
      "p99": 14.502124977298081
    },
    "get": {
      "p50": 0.002874992787837982,
      "p90": 0.007292022928595543,
      "p99": 8.877457934431732
    },
    "del": {
      "p50": 5.344624980352819,
      "p90": 5.808291956782341,
      "p99": 14.47766600176692
    }
  },
  "latency_sample": {
    "reservoir_k_overall": 2000,
    "reservoir_k_each": 666,
    "seen_overall": 1562,
    "every_n_ops": 64
  },
  "latency_histogram_preset": "default",
  "implied_latency_ms": 0.7544729675003327,
  "loop_latency_median_ms": 0.0035420525819063187
}
