{
  "elapsed_seconds": 77.09931412496371,
  "total_ops": 100000,
  "ops_per_second": 1297.0283994734184,
  "final_backend": "chaining",
  "migrations_triggered": 0,
  "compactions_triggered": 0,
  "latency_ms": {
    "overall": {
      "p50": 0.0008330098353326321,
      "p90": 2.945458982139826,
      "p99": 5.875792005099356
    },
    "put": {
      "p50": 2.9365000082179904,
      "p90": 5.819124984554946,
      "p99": 6.213166983798146
    },
    "get": {
      "p50": 0.000667001586407423,
      "p90": 0.0012090313248336315,
      "p99": 0.002541986759752035
    },
    "del": {
      "p50": 3.0523749883286655,
      "p90": 5.817249999381602,
      "p99": 5.865666957106441
    }
  },
  "latency_sample": {
    "reservoir_k_overall": 2000,
    "reservoir_k_each": 666,
    "seen_overall": 1562,
    "every_n_ops": 64
  },
  "latency_histogram_preset": "default"
}