{
  "elapsed_seconds": 53.80525333300466,
  "total_ops": 100000,
  "ops_per_second": 1858.5545798119872,
  "final_backend": "chaining",
  "migrations_triggered": 0,
  "compactions_triggered": 0,
  "latency_ms": {
    "overall": {
      "p50": 0.001207983586937189,
      "p90": 1.5131669933907688,
      "p99": 3.044166980544105
    },
    "put": {
      "p50": 1.47854199167341,
      "p90": 1.619082991965115,
      "p99": 3.131916018901393
    },
    "get": {
      "p50": 0.0007079797796905041,
      "p90": 0.0013329845387488604,
      "p99": 0.00304199056699872
    },
    "del": {
      "p50": 1.4797920011915267,
      "p90": 1.9184169941581786,
      "p99": 3.056582994759083
    }
  },
  "latency_sample": {
    "reservoir_k_overall": 3000,
    "reservoir_k_each": 1000,
    "seen_overall": 3125,
    "every_n_ops": 32
  },
  "latency_histogram_preset": "default"
}