{
  "elapsed_seconds": 79.60058250001748,
  "total_ops": 100000,
  "ops_per_second": 1256.2722138368526,
  "final_backend": "chaining",
  "migrations_triggered": 0,
  "compactions_triggered": 0,
  "latency_ms": {
    "overall": {
      "p50": 0.00104197533801198,
      "p90": 3.031875006854534,
      "p99": 6.049499992514029
    },
    "put": {
      "p50": 3.031875006854534,
      "p90": 6.019666994689032,
      "p99": 6.161625002278015
    },
    "get": {
      "p50": 0.0008329807315021753,
      "p90": 0.0016249832697212696,
      "p99": 0.003334018401801586
    },
    "del": {
      "p50": 3.130999975837767,
      "p90": 6.0208340000826865,
      "p99": 6.103833002271131
    }
  },
  "latency_sample": {
    "reservoir_k_overall": 2000,
    "reservoir_k_each": 666,
    "seen_overall": 1562,
    "every_n_ops": 64
  },
  "latency_histogram_preset": "default"
}