{
  "elapsed_seconds": 80.67278045800049,
  "total_ops": 100000,
  "ops_per_second": 1239.5754730687827,
  "final_backend": "chaining",
  "migrations_triggered": 0,
  "compactions_triggered": 0,
  "latency_ms": {
    "overall": {
      "p50": 0.0010420335456728935,
      "p90": 3.002709010615945,
      "p99": 6.097625009715557
    },
    "put": {
      "p50": 3.0066249892115593,
      "p90": 6.054832949303091,
      "p99": 6.237792025785893
    },
    "get": {
      "p50": 0.0008749775588512421,
      "p90": 0.0017500133253633976,
      "p99": 0.003958994057029486
    },
    "del": {
      "p50": 3.032666980288923,
      "p90": 6.072416028473526,
      "p99": 6.141583027783781
    }
  },
  "latency_sample": {
    "reservoir_k_overall": 2000,
    "reservoir_k_each": 666,
    "seen_overall": 1562,
    "every_n_ops": 64
  },
  "latency_histogram_preset": "default"
}
