{
  "elapsed_seconds": 20.89293141700182,
  "total_ops": 100000,
  "ops_per_second": 4786.307770992062,
  "final_backend": "chaining",
  "migrations_triggered": 0,
  "compactions_triggered": 0,
  "latency_ms": {
    "overall": {
      "p50": 0.0005830006557516754,
      "p90": 0.7875829978729598,
      "p99": 1.588375002029352
    },
    "put": {
      "p50": 0.7862089987611398,
      "p90": 1.5800830005900934,
      "p99": 1.6415409991168417
    },
    "get": {
      "p50": 0.0005409965524449944,
      "p90": 0.0010410003596916795,
      "p99": 0.0014170000213198364
    },
    "del": {
      "p50": 0.7972499952302314,
      "p90": 1.5777080043335445,
      "p99": 1.588750004884787
    }
  },
  "latency_sample": {
    "reservoir_k_overall": 2000,
    "reservoir_k_each": 666,
    "seen_overall": 1562,
    "every_n_ops": 64
  }
}