{
  "elapsed_seconds": 81.27058995900734,
  "total_ops": 100000,
  "ops_per_second": 1230.457414551066,
  "final_backend": "chaining",
  "migrations_triggered": 0,
  "compactions_triggered": 0,
  "latency_ms": {
    "overall": {
      "p50": 0.000833999365568161,
      "p90": 3.0735000036656857,
      "p99": 6.163083002320491
    },
    "put": {
      "p50": 3.0735420004930347,
      "p90": 6.132916998467408,
      "p99": 6.3378750055562705
    },
    "get": {
      "p50": 0.000667001586407423,
      "p90": 0.0012499949662014842,
      "p99": 0.0022500025806948543
    },
    "del": {
      "p50": 3.571583001757972,
      "p90": 6.089791000704281,
      "p99": 6.190749991219491
    }
  },
  "latency_sample": {
    "reservoir_k_overall": 2000,
    "reservoir_k_each": 666,
    "seen_overall": 1562,
    "every_n_ops": 64
  },
  "latency_histogram_preset": "default"
}