{
  "elapsed_seconds": 80.15575400000671,
  "total_ops": 100000,
  "ops_per_second": 1247.5710726892,
  "final_backend": "chaining",
  "migrations_triggered": 0,
  "compactions_triggered": 0,
  "latency_ms": {
    "overall": {
      "p50": 0.0008750066626816988,
      "p90": 3.021417011041194,
      "p99": 6.056125013856217
    },
    "put": {
      "p50": 3.0260000203270465,
      "p90": 6.039083003997803,
      "p99": 6.256833003135398
    },
    "get": {
      "p50": 0.000667001586407423,
      "p90": 0.0012909877113997936,
      "p99": 0.003207998815923929
    },
    "del": {
      "p50": 3.026583988685161,
      "p90": 6.024583999533206,
      "p99": 6.047667004168034
    }
  },
  "latency_sample": {
    "reservoir_k_overall": 2000,
    "reservoir_k_each": 666,
    "seen_overall": 1562,
    "every_n_ops": 64
  },
  "latency_histogram_preset": "default"
}