{
  "elapsed_seconds": 79.17432287499832,
  "total_ops": 100000,
  "ops_per_second": 1263.03574654982,
  "final_backend": "chaining",
  "migrations_triggered": 0,
  "compactions_triggered": 0,
  "latency_ms": {
    "overall": {
      "p50": 0.000790998456068337,
      "p90": 2.9777079907944426,
      "p99": 6.055541001842357
    },
    "put": {
      "p50": 2.971666006487794,
      "p90": 6.026542003382929,
      "p99": 6.136541996966116
    },
    "get": {
      "p50": 0.0005839974619448185,
      "p90": 0.0011669908417388797,
      "p99": 0.0017920101527124643
    },
    "del": {
      "p50": 3.0125000048428774,
      "p90": 6.031207987689413,
      "p99": 6.344166991766542
    }
  },
  "latency_sample": {
    "reservoir_k_overall": 1000,
    "reservoir_k_each": 333,
    "seen_overall": 781,
    "every_n_ops": 128
  },
  "latency_histogram_preset": "default"
}
