{
  "elapsed_seconds": 15.247960792003141,
  "total_ops": 80000,
  "ops_per_second": 5246.603207555226,
  "final_backend": "chaining",
  "migrations_triggered": 0,
  "compactions_triggered": 0,
  "latency_ms": {
    "overall": {
      "p50": 0.0013749959180131555,
      "p90": 0.8217499998863786,
      "p99": 0.8580830035498366
    },
    "put": {
      "p50": 0.8090420014923438,
      "p90": 0.8408339999732561,
      "p99": 0.8721669946680777
    },
    "get": {
      "p50": 0.001124994014389813,
      "p90": 0.0015830009942874312,
      "p99": 0.0019999934011138976
    },
    "del": {
      "p50": 0.8071250049397349,
      "p90": 0.8451670000795275,
      "p99": 0.8707500019227155
    }
  },
  "latency_sample": {
    "reservoir_k_overall": 1500,
    "reservoir_k_each": 500,
    "seen_overall": 2000,
    "every_n_ops": 40
  }
}