{
  "elapsed_seconds": 7.096551582999382,
  "total_ops": 80000,
  "ops_per_second": 11273.080885038495,
  "final_backend": "chaining",
  "migrations_triggered": 0,
  "compactions_triggered": 0,
  "latency_ms": {
    "overall": {
      "p50": 0.0005840010999236256,
      "p90": 0.3816250027739443,
      "p99": 0.3991250014223624
    },
    "put": {
      "p50": 0.3745419999177102,
      "p90": 0.39083299998310395,
      "p99": 0.4111660018679686
    },
    "get": {
      "p50": 0.0005410001904238015,
      "p90": 0.0007500020728912205,
      "p99": 0.0010000003385357559
    },
    "del": {
      "p50": 0.37200000224402174,
      "p90": 0.39033299981383607,
      "p99": 0.40116600212058984
    }
  },
  "latency_sample": {
    "reservoir_k_overall": 1500,
    "reservoir_k_each": 500,
    "seen_overall": 2000,
    "every_n_ops": 40
  }
}