{
  "elapsed_seconds": 26.303203374991426,
  "total_ops": 80000,
  "ops_per_second": 3041.454641835087,
  "final_backend": "chaining",
  "migrations_triggered": 0,
  "compactions_triggered": 0,
  "latency_ms": {
    "overall": {
      "p50": 0.0007080088835209608,
      "p90": 1.4267920050770044,
      "p99": 1.5077079879119992
    },
    "put": {
      "p50": 1.410917000612244,
      "p90": 1.4553329965565354,
      "p99": 1.5479580033570528
    },
    "get": {
      "p50": 0.0005420006345957518,
      "p90": 0.0010420044418424368,
      "p99": 0.0015420082490891218
    },
    "del": {
      "p50": 1.4048749872017652,
      "p90": 1.467834023060277,
      "p99": 1.526709005702287
    }
  },
  "latency_sample": {
    "reservoir_k_overall": 1500,
    "reservoir_k_each": 500,
    "seen_overall": 2000,
    "every_n_ops": 40
  },
  "latency_histogram_preset": "default"
}