{
  "elapsed_seconds": 7.347865041003388,
  "total_ops": 80000,
  "ops_per_second": 10887.516245001092,
  "final_backend": "chaining",
  "migrations_triggered": 0,
  "compactions_triggered": 0,
  "latency_ms": {
    "overall": {
      "p50": 0.000667001586407423,
      "p90": 0.389000000723172,
      "p99": 0.42049999319715425
    },
    "put": {
      "p50": 0.3840830031549558,
      "p90": 0.40045900095719844,
      "p99": 0.4319159997976385
    },
    "get": {
      "p50": 0.0005830006557516754,
      "p90": 0.0010000003385357559,
      "p99": 0.0013749959180131555
    },
    "del": {
      "p50": 0.3820409983745776,
      "p90": 0.4020420019514859,
      "p99": 0.4272920050425455
    }
  },
  "latency_sample": {
    "reservoir_k_overall": 1500,
    "reservoir_k_each": 500,
    "seen_overall": 2000,
    "every_n_ops": 40
  },
  "latency_histogram_preset": "default"
}