{
  "elapsed_seconds": 27.108631332986988,
  "total_ops": 80000,
  "ops_per_second": 2951.089600110222,
  "final_backend": "chaining",
  "migrations_triggered": 0,
  "compactions_triggered": 0,
  "latency_ms": {
    "overall": {
      "p50": 0.0009999494068324566,
      "p90": 1.4644170296378434,
      "p99": 1.5102920006029308
    },
    "put": {
      "p50": 1.4483339618891478,
      "p90": 1.4911670004948974,
      "p99": 1.5324170235544443
    },
    "get": {
      "p50": 0.0007080379873514175,
      "p90": 0.0012080417945981026,
      "p99": 0.0034589902497828007
    },
    "del": {
      "p50": 1.451832999009639,
      "p90": 1.4798329793848097,
      "p99": 1.5052910312078893
    }
  },
  "latency_sample": {
    "reservoir_k_overall": 1000,
    "reservoir_k_each": 333,
    "seen_overall": 625,
    "every_n_ops": 128
  },
  "latency_histogram_preset": "default"
}