{
  "elapsed_seconds": 1.6104472919978434,
  "total_ops": 100000,
  "ops_per_second": 62094.55006499766,
  "final_backend": "robinhood",
  "migrations_triggered": 1,
  "compactions_triggered": 0,
  "latency_ms": {
    "overall": {
      "p50": 0.0006250047590583563,
      "p90": 0.04695899406215176,
      "p99": 0.06333300552796572
    },
    "put": {
      "p50": 0.03820800338871777,
      "p90": 0.05424999835668132,
      "p99": 0.06691700400551781
    },
    "get": {
      "p50": 0.0004169996827840805,
      "p90": 0.0007920025382190943,
      "p99": 0.0031669987947680056
    },
    "del": {
      "p50": 0.03679200017359108,
      "p90": 0.052041999879293144,
      "p99": 0.05629099905490875
    }
  },
  "latency_sample": {
    "reservoir_k_overall": 1000,
    "reservoir_k_each": 333,
    "seen_overall": 781,
    "every_n_ops": 128
  }
}
