{
  "elapsed_seconds": 7.518430209020153,
  "total_ops": 50000,
  "ops_per_second": 6650.324417457923,
  "final_backend": "chaining",
  "migrations_triggered": 0,
  "compactions_triggered": 0,
  "latency_ms": {
    "overall": {
      "p50": 0.000833999365568161,
      "p90": 0.5724590155296028,
      "p99": 1.1380829964764416
    },
    "put": {
      "p50": 0.5725420196540654,
      "p90": 1.1251670075580478,
      "p99": 1.1600839789025486
    },
    "get": {
      "p50": 0.0007090275175869465,
      "p90": 0.0013329554349184036,
      "p99": 0.0016249832697212696
    },
    "del": {
      "p50": 0.5761670181527734,
      "p90": 1.168333983514458,
      "p99": 1.2293749605305493
    }
  },
  "latency_sample": {
    "reservoir_k_overall": 1000,
    "reservoir_k_each": 333,
    "seen_overall": 390,
    "every_n_ops": 128
  }
}
