{
  "elapsed_seconds": 10.840956083033234,
  "total_ops": 80000,
  "ops_per_second": 7379.422939015954,
  "final_backend": "chaining",
  "migrations_triggered": 0,
  "compactions_triggered": 0,
  "latency_ms": {
    "overall": {
      "p50": 0.0010409858077764511,
      "p90": 0.5804169923067093,
      "p99": 0.6154580041766167
    },
    "put": {
      "p50": 0.5730839911848307,
      "p90": 0.5972909857518971,
      "p99": 0.637417018879205
    },
    "get": {
      "p50": 0.000833999365568161,
      "p90": 0.001374981366097927,
      "p99": 0.002040993422269821
    },
    "del": {
      "p50": 0.5673329578712583,
      "p90": 0.5982500151731074,
      "p99": 0.6321249529719353
    }
  },
  "latency_sample": {
    "reservoir_k_overall": 1500,
    "reservoir_k_each": 500,
    "seen_overall": 2000,
    "every_n_ops": 40
  }
}