{
  "elapsed_seconds": 21.13159849999647,
  "total_ops": 100000,
  "ops_per_second": 4732.249668666414,
  "final_backend": "chaining",
  "migrations_triggered": 0,
  "compactions_triggered": 0,
  "latency_ms": {
    "overall": {
      "p50": 0.0007080016075633466,
      "p90": 0.7921669966890477,
      "p99": 1.5983749981387518
    },
    "put": {
      "p50": 0.7906669998192228,
      "p90": 1.5791250043548644,
      "p99": 1.625707998755388
    },
    "get": {
      "p50": 0.0005830006557516754,
      "p90": 0.0010840012691915035,
      "p99": 0.0015410041669383645
    },
    "del": {
      "p50": 0.8047499941312708,
      "p90": 1.5899999998509884,
      "p99": 1.6026660014176741
    }
  },
  "latency_sample": {
    "reservoir_k_overall": 2000,
    "reservoir_k_each": 666,
    "seen_overall": 1562,
    "every_n_ops": 64
  },
  "latency_histogram_preset": "default"
}
