{
  "elapsed_seconds": 56.60013679100666,
  "total_ops": 200000,
  "ops_per_second": 3533.560364677043,
  "final_backend": "chaining",
  "migrations_triggered": 0,
  "compactions_triggered": 0,
  "latency_ms": {
    "overall": {
      "p50": 0.2921670093201101,
      "p90": 0.6003339658491313,
      "p99": 0.6493330001831055
    },
    "put": {
      "p50": 0.5825840053148568,
      "p90": 0.6054159603081644,
      "p99": 0.6546669756062329
    },
    "get": {
      "p50": 0.00100000761449337,
      "p90": 0.0015830155462026596,
      "p99": 0.003334018401801586
    },
    "del": {
      "p50": 0.5840410012751818,
      "p90": 0.6065830239094794,
      "p99": 0.6655000033788383
    }
  },
  "latency_sample": {
    "reservoir_k_overall": 4000,
    "reservoir_k_each": 1333,
    "seen_overall": 12500,
    "every_n_ops": 16
  }
}