{
  "elapsed_seconds": 30.934097499994095,
  "total_ops": 100000,
  "ops_per_second": 3232.6787616809925,
  "final_backend": "chaining",
  "migrations_triggered": 0,
  "compactions_triggered": 0,
  "latency_ms": {
    "overall": {
      "p50": 0.0010829535312950611,
      "p90": 1.162625034339726,
      "p99": 2.3869170108810067
    },
    "put": {
      "p50": 1.1594590032473207,
      "p90": 2.3513329797424376,
      "p99": 2.4246249813586473
    },
    "get": {
      "p50": 0.0008749775588512421,
      "p90": 0.0014589750207960606,
      "p99": 0.002874992787837982
    },
    "del": {
      "p50": 1.1843329994007945,
      "p90": 2.3802079958841205,
      "p99": 2.4268749984912574
    }
  },
  "latency_sample": {
    "reservoir_k_overall": 2000,
    "reservoir_k_each": 666,
    "seen_overall": 1562,
    "every_n_ops": 64
  }
}