{
  "elapsed_seconds": 16.006734290996974,
  "total_ops": 50000,
  "ops_per_second": 3123.685262153856,
  "final_backend": "chaining",
  "migrations_triggered": 0,
  "compactions_triggered": 0,
  "latency_ms": {
    "overall": {
      "p50": 0.0010419971658848226,
      "p90": 1.5811659977771342,
      "p99": 1.652708997426089
    },
    "put": {
      "p50": 1.5769169986015186,
      "p90": 1.618375004909467,
      "p99": 1.6914999941946007
    },
    "get": {
      "p50": 0.0008330025593750179,
      "p90": 0.0012500022421590984,
      "p99": 0.0017089987522922456
    },
    "del": {
      "p50": 1.5903749954304658,
      "p90": 1.6142090025823563,
      "p99": 1.6374999977415428
    }
  },
  "latency_sample": {
    "reservoir_k_overall": 1000,
    "reservoir_k_each": 333,
    "seen_overall": 390,
    "every_n_ops": 128
  },
  "latency_histogram_preset": "default"
}
