{
  "elapsed_seconds": 23.560397749999538,
  "total_ops": 50000,
  "ops_per_second": 2122.2052586103296,
  "final_backend": "chaining",
  "migrations_triggered": 0,
  "compactions_triggered": 0,
  "latency_ms": {
    "overall": {
      "p50": 0.001207983586937189,
      "p90": 2.3267079959623516,
      "p99": 2.7072500088252127
    },
    "put": {
      "p50": 2.3232499952428043,
      "p90": 2.5270420010201633,
      "p99": 2.8981250361539423
    },
    "get": {
      "p50": 0.0010840012691915035,
      "p90": 0.0016659614630043507,
      "p99": 0.005665991920977831
    },
    "del": {
      "p50": 2.307125017978251,
      "p90": 2.5679580285213888,
      "p99": 2.6559160323813558
    }
  },
  "latency_sample": {
    "reservoir_k_overall": 1000,
    "reservoir_k_each": 333,
    "seen_overall": 390,
    "every_n_ops": 128
  }
}