{
  "elapsed_seconds": 7.425769708999724,
  "total_ops": 80000,
  "ops_per_second": 10773.293966151863,
  "final_backend": "chaining",
  "migrations_triggered": 0,
  "compactions_triggered": 0,
  "latency_ms": {
    "overall": {
      "p50": 0.0007090056897141039,
      "p90": 0.39066700264811516,
      "p99": 0.4305420006858185
    },
    "put": {
      "p50": 0.3856249968521297,
      "p90": 0.4053750017192215,
      "p99": 0.46704199485247955
    },
    "get": {
      "p50": 0.0005839974619448185,
      "p90": 0.0010829971870407462,
      "p99": 0.0018749997252598405
    },
    "del": {
      "p50": 0.38291699456749484,
      "p90": 0.40387499757343903,
      "p99": 0.4635419973055832
    }
  },
  "latency_sample": {
    "reservoir_k_overall": 1500,
    "reservoir_k_each": 500,
    "seen_overall": 2000,
    "every_n_ops": 40
  },
  "latency_histogram_preset": "default"
}