{
  "elapsed_seconds": 38.01338450000185,
  "total_ops": 200000,
  "ops_per_second": 5261.304738597803,
  "final_backend": "chaining",
  "migrations_triggered": 0,
  "compactions_triggered": 0,
  "latency_ms": {
    "overall": {
      "p50": 0.19504199735820293,
      "p90": 0.3980830006184988,
      "p99": 0.44424999941838905
    },
    "put": {
      "p50": 0.38666700129397213,
      "p90": 0.4048749979119748,
      "p99": 0.4554999977699481
    },
    "get": {
      "p50": 0.0006249974831007421,
      "p90": 0.0010420044418424368,
      "p99": 0.0016660051187500358
    },
    "del": {
      "p50": 0.385499995900318,
      "p90": 0.40316599915968254,
      "p99": 0.458707996585872
    }
  },
  "latency_sample": {
    "reservoir_k_overall": 4000,
    "reservoir_k_each": 1333,
    "seen_overall": 12500,
    "every_n_ops": 16
  },
  "latency_histogram_preset": "default"
}
