{
  "elapsed_seconds": 14.324470040999586,
  "total_ops": 100000,
  "ops_per_second": 6981.061059416466,
  "final_backend": "chaining",
  "migrations_triggered": 0,
  "compactions_triggered": 0,
  "latency_ms": {
    "overall": {
      "p50": 0.0009159994078800082,
      "p90": 0.3953749983338639,
      "p99": 0.7909999985713512
    },
    "put": {
      "p50": 0.3877499984810129,
      "p90": 0.4415000003064051,
      "p99": 0.8006250063772313
    },
    "get": {
      "p50": 0.0005830006557516754,
      "p90": 0.0010000003385357559,
      "p99": 0.0015410041669383645
    },
    "del": {
      "p50": 0.3862919984385371,
      "p90": 0.43191699660383165,
      "p99": 0.8162910016835667
    }
  },
  "latency_sample": {
    "reservoir_k_overall": 3000,
    "reservoir_k_each": 1000,
    "seen_overall": 3125,
    "every_n_ops": 32
  },
  "latency_histogram_preset": "default"
}
