{
  "elapsed_seconds": 20.806192583986558,
  "total_ops": 100000,
  "ops_per_second": 4806.261385707099,
  "final_backend": "chaining",
  "migrations_triggered": 0,
  "compactions_triggered": 0,
  "latency_ms": {
    "overall": {
      "p50": 0.001292035449296236,
      "p90": 0.5831249873153865,
      "p99": 1.1701250332407653
    },
    "put": {
      "p50": 0.5644169868901372,
      "p90": 0.676083960570395,
      "p99": 1.189082977361977
    },
    "get": {
      "p50": 0.0009160139597952366,
      "p90": 0.0014579854905605316,
      "p99": 0.002125045284628868
    },
    "del": {
      "p50": 0.5659160087816417,
      "p90": 0.6297919899225235,
      "p99": 1.232875045388937
    }
  },
  "latency_sample": {
    "reservoir_k_overall": 3000,
    "reservoir_k_each": 1000,
    "seen_overall": 3125,
    "every_n_ops": 32
  }
}