{
  "elapsed_seconds": 78.72687408300408,
  "total_ops": 200000,
  "ops_per_second": 2540.428568129532,
  "final_backend": "chaining",
  "migrations_triggered": 0,
  "compactions_triggered": 0,
  "latency_ms": {
    "overall": {
      "p50": 0.40629200520925224,
      "p90": 0.8311670026159845,
      "p99": 0.8917920058593154
    },
    "put": {
      "p50": 0.8101670027826913,
      "p90": 0.8398329955525696,
      "p99": 0.8917920058593154
    },
    "get": {
      "p50": 0.0014160032151266932,
      "p90": 0.0019999934011138976,
      "p99": 0.00429100327892229
    },
    "del": {
      "p50": 0.8126669999910519,
      "p90": 0.8409170040977187,
      "p99": 0.8994579984573647
    }
  },
  "latency_sample": {
    "reservoir_k_overall": 4000,
    "reservoir_k_each": 1333,
    "seen_overall": 12500,
    "every_n_ops": 16
  }
}