{
  "elapsed_seconds": 14.229357374999381,
  "total_ops": 100000,
  "ops_per_second": 7027.7242579975855,
  "final_backend": "chaining",
  "migrations_triggered": 0,
  "compactions_triggered": 0,
  "latency_ms": {
    "overall": {
      "p50": 0.0008749993867240846,
      "p90": 0.39287500112550333,
      "p99": 0.7862920028856024
    },
    "put": {
      "p50": 0.3857080009765923,
      "p90": 0.42445900180609897,
      "p99": 0.802416994702071
    },
    "get": {
      "p50": 0.0005830006557516754,
      "p90": 0.0009590003173798323,
      "p99": 0.0013329990906640887
    },
    "del": {
      "p50": 0.3848749984172173,
      "p90": 0.4139579978073016,
      "p99": 0.7839590034564026
    }
  },
  "latency_sample": {
    "reservoir_k_overall": 3000,
    "reservoir_k_each": 1000,
    "seen_overall": 3125,
    "every_n_ops": 32
  },
  "latency_histogram_preset": "default"
}