{
  "elapsed_seconds": 79.02463091598474,
  "total_ops": 100000,
  "ops_per_second": 1265.42824485084,
  "final_backend": "chaining",
  "migrations_triggered": 0,
  "compactions_triggered": 0,
  "latency_ms": {
    "overall": {
      "p50": 0.0009590003173798323,
      "p90": 2.98400002066046,
      "p99": 6.056959013221785
    },
    "put": {
      "p50": 2.9885000258218497,
      "p90": 6.018499989295378,
      "p99": 6.157707975944504
    },
    "get": {
      "p50": 0.0007500057108700275,
      "p90": 0.0014579854905605316,
      "p99": 0.003583001671358943
    },
    "del": {
      "p50": 3.004707978107035,
      "p90": 5.982292001135647,
      "p99": 6.056959013221785
    }
  },
  "latency_sample": {
    "reservoir_k_overall": 2000,
    "reservoir_k_each": 666,
    "seen_overall": 1562,
    "every_n_ops": 64
  },
  "latency_histogram_preset": "default"
}
