{
  "elapsed_seconds": 38.2313396249956,
  "total_ops": 200000,
  "ops_per_second": 5231.310280041567,
  "final_backend": "chaining",
  "migrations_triggered": 0,
  "compactions_triggered": 0,
  "latency_ms": {
    "overall": {
      "p50": 0.19579199579311535,
      "p90": 0.4015000013168901,
      "p99": 0.44395800068741664
    },
    "put": {
      "p50": 0.3905829944415018,
      "p90": 0.40741700649959967,
      "p99": 0.45308399421628565
    },
    "get": {
      "p50": 0.0006249974831007421,
      "p90": 0.0010410003596916795,
      "p99": 0.001624997821636498
    },
    "del": {
      "p50": 0.38741699972888455,
      "p90": 0.40262499533127993,
      "p99": 0.4392910050228238
    }
  },
  "latency_sample": {
    "reservoir_k_overall": 4000,
    "reservoir_k_each": 1333,
    "seen_overall": 12500,
    "every_n_ops": 16
  },
  "latency_histogram_preset": "default"
}