{
  "elapsed_seconds": 138.29300741601037,
  "total_ops": 200000,
  "ops_per_second": 1446.2047195080793,
  "final_backend": "chaining",
  "migrations_triggered": 0,
  "compactions_triggered": 0,
  "latency_ms": {
    "overall": {
      "p50": 0.7156660140026361,
      "p90": 1.4674999983981252,
      "p99": 1.4845000114291906
    },
    "put": {
      "p50": 1.4467920118477196,
      "p90": 1.4716660080011934,
      "p99": 1.4884590054862201
    },
    "get": {
      "p50": 0.0006249756552278996,
      "p90": 0.0007500057108700275,
      "p99": 0.0012919772416353226
    },
    "del": {
      "p50": 1.4450830058194697,
      "p90": 1.472124975407496,
      "p99": 1.4904580020811409
    }
  },
  "latency_sample": {
    "reservoir_k_overall": 4000,
    "reservoir_k_each": 1333,
    "seen_overall": 12500,
    "every_n_ops": 16
  },
  "latency_histogram_preset": "default"
}
