{
  "elapsed_seconds": 53.348079249990406,
  "total_ops": 100000,
  "ops_per_second": 1874.481732161294,
  "final_backend": "chaining",
  "migrations_triggered": 0,
  "compactions_triggered": 0,
  "latency_ms": {
    "overall": {
      "p50": 0.001167005393654108,
      "p90": 1.4837500057183206,
      "p99": 3.002791985636577
    },
    "put": {
      "p50": 1.4580409915652126,
      "p90": 1.580249983817339,
      "p99": 3.0616250005550683
    },
    "get": {
      "p50": 0.000667001586407423,
      "p90": 0.0013329845387488604,
      "p99": 0.0031669915188103914
    },
    "del": {
      "p50": 1.4559999981429428,
      "p90": 1.5433749940712005,
      "p99": 3.0514590034727007
    }
  },
  "latency_sample": {
    "reservoir_k_overall": 3000,
    "reservoir_k_each": 1000,
    "seen_overall": 3125,
    "every_n_ops": 32
  },
  "latency_histogram_preset": "default"
}