{
  "elapsed_seconds": 37.45029849999992,
  "total_ops": 200000,
  "ops_per_second": 5340.411372155029,
  "final_backend": "chaining",
  "migrations_triggered": 0,
  "compactions_triggered": 0,
  "latency_ms": {
    "overall": {
      "p50": 0.1862499993876554,
      "p90": 0.3963329982070718,
      "p99": 0.424082998506492
    },
    "put": {
      "p50": 0.3767500020330772,
      "p90": 0.40300000182469375,
      "p99": 0.42704199950094335
    },
    "get": {
      "p50": 0.0005839974619448185,
      "p90": 0.0009590003173798323,
      "p99": 0.001625001459615305
    },
    "del": {
      "p50": 0.3771249976125546,
      "p90": 0.402000001486158,
      "p99": 0.4267920012352988
    }
  },
  "latency_sample": {
    "reservoir_k_overall": 4000,
    "reservoir_k_each": 1333,
    "seen_overall": 12500,
    "every_n_ops": 16
  }
}