{
  "elapsed_seconds": 13.934231749997707,
  "total_ops": 100000,
  "ops_per_second": 7176.570749945827,
  "final_backend": "chaining",
  "migrations_triggered": 0,
  "compactions_triggered": 0,
  "latency_ms": {
    "overall": {
      "p50": 0.0007919989002402872,
      "p90": 0.38829200275358744,
      "p99": 0.7769170006213244
    },
    "put": {
      "p50": 0.3777920028369408,
      "p90": 0.42241600021952763,
      "p99": 0.7892920002632309
    },
    "get": {
      "p50": 0.0005420006345957518,
      "p90": 0.000957999873207882,
      "p99": 0.0014159995771478862
    },
    "del": {
      "p50": 0.37762500141980127,
      "p90": 0.4202499985694885,
      "p99": 0.7875000010244548
    }
  },
  "latency_sample": {
    "reservoir_k_overall": 3000,
    "reservoir_k_each": 1000,
    "seen_overall": 3125,
    "every_n_ops": 32
  }
}