{
  "elapsed_seconds": 15.644056207998801,
  "total_ops": 50000,
  "ops_per_second": 3196.1020425402853,
  "final_backend": "chaining",
  "migrations_triggered": 0,
  "compactions_triggered": 0,
  "latency_ms": {
    "overall": {
      "p50": 0.000957999873207882,
      "p90": 1.5634580013283994,
      "p99": 1.651709000725532
    },
    "put": {
      "p50": 1.5624580009898636,
      "p90": 1.5990840001904871,
      "p99": 1.6913750005187467
    },
    "get": {
      "p50": 0.0007499984349124134,
      "p90": 0.0012499986041802913,
      "p99": 0.0025419976736884564
    },
    "del": {
      "p50": 1.544792001368478,
      "p90": 1.6557079979975242,
      "p99": 1.6775000003690366
    }
  },
  "latency_sample": {
    "reservoir_k_overall": 1000,
    "reservoir_k_each": 333,
    "seen_overall": 390,
    "every_n_ops": 128
  }
}