{
  "elapsed_seconds": 29.90973991699866,
  "total_ops": 100000,
  "ops_per_second": 3343.392496140256,
  "final_backend": "chaining",
  "migrations_triggered": 0,
  "compactions_triggered": 0,
  "latency_ms": {
    "overall": {
      "p50": 0.0016660051187500358,
      "p90": 0.832874997286126,
      "p99": 1.6754579992266372
    },
    "put": {
      "p50": 0.817959000414703,
      "p90": 0.8673330012243241,
      "p99": 1.7139160045189783
    },
    "get": {
      "p50": 0.001291002263315022,
      "p90": 0.001791995600797236,
      "p99": 0.002625005436129868
    },
    "del": {
      "p50": 0.8203340039472096,
      "p90": 0.8850419981172308,
      "p99": 1.6827920044306666
    }
  },
  "latency_sample": {
    "reservoir_k_overall": 3000,
    "reservoir_k_each": 1000,
    "seen_overall": 3125,
    "every_n_ops": 32
  }
}