{
  "elapsed_seconds": 20.635660125000868,
  "total_ops": 100000,
  "ops_per_second": 4845.980181600602,
  "final_backend": "chaining",
  "migrations_triggered": 0,
  "compactions_triggered": 0,
  "latency_ms": {
    "overall": {
      "p50": 0.0006250011210795492,
      "p90": 0.7771249984216411,
      "p99": 1.580708001711173
    },
    "put": {
      "p50": 0.7771249984216411,
      "p90": 1.5643749975424726,
      "p99": 1.6448749993287493
    },
    "get": {
      "p50": 0.0005420006345957518,
      "p90": 0.0010839976312126964,
      "p99": 0.0017499987734481692
    },
    "del": {
      "p50": 0.7828749985492323,
      "p90": 1.5639999983250163,
      "p99": 1.610833001905121
    }
  },
  "latency_sample": {
    "reservoir_k_overall": 2000,
    "reservoir_k_each": 666,
    "seen_overall": 1562,
    "every_n_ops": 64
  }
}