{
  "elapsed_seconds": 60.03271508301259,
  "total_ops": 50000,
  "ops_per_second": 832.8792047945948,
  "final_backend": "chaining",
  "migrations_triggered": 0,
  "compactions_triggered": 0,
  "latency_ms": {
    "overall": {
      "p50": 0.0012499804142862558,
      "p90": 5.951416998868808,
      "p99": 6.280750007135794
    },
    "put": {
      "p50": 5.94704199465923,
      "p90": 6.1691659793723375,
      "p99": 6.349417002638802
    },
    "get": {
      "p50": 0.0010420044418424368,
      "p90": 0.0019999861251562834,
      "p99": 0.005500012775883079
    },
    "del": {
      "p50": 5.939083988778293,
      "p90": 6.110749993240461,
      "p99": 6.280750007135794
    }
  },
  "latency_sample": {
    "reservoir_k_overall": 1000,
    "reservoir_k_each": 333,
    "seen_overall": 390,
    "every_n_ops": 128
  },
  "latency_histogram_preset": "default"
}
