{
  "elapsed_seconds": 20.450831958005438,
  "total_ops": 100000,
  "ops_per_second": 4889.776621574321,
  "final_backend": "chaining",
  "migrations_triggered": 0,
  "compactions_triggered": 0,
  "latency_ms": {
    "overall": {
      "p50": 0.0006250047590583563,
      "p90": 0.760082999477163,
      "p99": 1.5562500047963113
    },
    "put": {
      "p50": 0.7527080015279353,
      "p90": 1.5458330017281696,
      "p99": 1.5845419984543696
    },
    "get": {
      "p50": 0.0005409965524449944,
      "p90": 0.0010829971870407462,
      "p99": 0.0013750104699283838
    },
    "del": {
      "p50": 0.7807920046616346,
      "p90": 1.535583010991104,
      "p99": 1.5469579957425594
    }
  },
  "latency_sample": {
    "reservoir_k_overall": 2000,
    "reservoir_k_each": 666,
    "seen_overall": 781,
    "every_n_ops": 128
  },
  "latency_histogram_preset": "default"
}