{
  "elapsed_seconds": 15.911935166004696,
  "total_ops": 50000,
  "ops_per_second": 3142.295357438565,
  "final_backend": "chaining",
  "migrations_triggered": 0,
  "compactions_triggered": 0,
  "latency_ms": {
    "overall": {
      "p50": 0.0010419971658848226,
      "p90": 1.5705420009908266,
      "p99": 1.6371249948861077
    },
    "put": {
      "p50": 1.5705420009908266,
      "p90": 1.6194999989238568,
      "p99": 1.6605839991825633
    },
    "get": {
      "p50": 0.0007920025382190943,
      "p90": 0.001291002263315022,
      "p99": 0.001624997821636498
    },
    "del": {
      "p50": 1.556458999402821,
      "p90": 1.6326250042766333,
      "p99": 1.6566670019528829
    }
  },
  "latency_sample": {
    "reservoir_k_overall": 1000,
    "reservoir_k_each": 333,
    "seen_overall": 390,
    "every_n_ops": 128
  },
  "latency_histogram_preset": "default"
}