{
  "elapsed_seconds": 33.93000312500226,
  "total_ops": 50000,
  "ops_per_second": 1473.6220275546075,
  "final_backend": "chaining",
  "migrations_triggered": 0,
  "compactions_triggered": 0,
  "latency_ms": {
    "overall": {
      "p50": 0.0016250050975941122,
      "p90": 3.317541995784268,
      "p99": 4.1333749977638945
    },
    "put": {
      "p50": 3.3071670040953904,
      "p90": 3.5342499977559783,
      "p99": 4.409291999763809
    },
    "get": {
      "p50": 0.0015420009731315076,
      "p90": 0.0021669984562322497,
      "p99": 0.00470800296170637
    },
    "del": {
      "p50": 3.3207080050488003,
      "p90": 3.407332995266188,
      "p99": 4.1333749977638945
    }
  },
  "latency_sample": {
    "reservoir_k_overall": 1000,
    "reservoir_k_each": 333,
    "seen_overall": 390,
    "every_n_ops": 128
  }
}