{
  "elapsed_seconds": 43.769693667003594,
  "total_ops": 100000,
  "ops_per_second": 2284.6858550300162,
  "final_backend": "chaining",
  "migrations_triggered": 0,
  "compactions_triggered": 0,
  "latency_ms": {
    "overall": {
      "p50": 0.0013750031939707696,
      "p90": 1.6734160017222166,
      "p99": 3.348874997755047
    },
    "put": {
      "p50": 1.6767499982961453,
      "p90": 3.302083001472056,
      "p99": 3.405957999348175
    },
    "get": {
      "p50": 0.0012079981388524175,
      "p90": 0.0018749997252598405,
      "p99": 0.0031669987947680056
    },
    "del": {
      "p50": 1.6742910011089407,
      "p90": 3.287541003373917,
      "p99": 3.4056250005960464
    }
  },
  "latency_sample": {
    "reservoir_k_overall": 2000,
    "reservoir_k_each": 666,
    "seen_overall": 1562,
    "every_n_ops": 64
  }
}