{
  "elapsed_seconds": 78.72966858401196,
  "total_ops": 100000,
  "ops_per_second": 1270.1691979471575,
  "final_backend": "chaining",
  "migrations_triggered": 0,
  "compactions_triggered": 0,
  "latency_ms": {
    "overall": {
      "p50": 0.0009579816833138466,
      "p90": 2.967791981063783,
      "p99": 5.989375000353903
    },
    "put": {
      "p50": 2.9522499826271087,
      "p90": 5.993541009956971,
      "p99": 6.057958002202213
    },
    "get": {
      "p50": 0.0007499766070395708,
      "p90": 0.0014169781934469938,
      "p99": 0.002500019036233425
    },
    "del": {
      "p50": 2.990542008774355,
      "p90": 6.009999982779846,
      "p99": 6.085040979087353
    }
  },
  "latency_sample": {
    "reservoir_k_overall": 500,
    "reservoir_k_each": 166,
    "seen_overall": 1562,
    "every_n_ops": 64
  },
  "latency_histogram_preset": "default"
}
