{
  "elapsed_seconds": 60.74936824999895,
  "total_ops": 200000,
  "ops_per_second": 3292.2153062884477,
  "final_backend": "chaining",
  "migrations_triggered": 0,
  "compactions_triggered": 0,
  "latency_ms": {
    "overall": {
      "p50": 0.40666700078872964,
      "p90": 0.4227499957778491,
      "p99": 0.451375002739951
    },
    "put": {
      "p50": 0.4069159986102022,
      "p90": 0.4256249958416447,
      "p99": 0.4636250014300458
    },
    "get": {
      "p50": 0.00145800004247576,
      "p90": 0.001791995600797236,
      "p99": 0.002458000381011516
    },
    "del": {
      "p50": 0.410459004342556,
      "p90": 0.425375001213979,
      "p99": 0.4599999956553802
    }
  },
  "latency_sample": {
    "reservoir_k_overall": 1000,
    "reservoir_k_each": 333,
    "seen_overall": 1562,
    "every_n_ops": 128
  }
}