{
  "elapsed_seconds": 0.4391882909985725,
  "total_ops": 200000,
  "ops_per_second": 455385.5466985801,
  "final_backend": "chaining",
  "migrations_triggered": 0,
  "compactions_triggered": 0,
  "latency_ms": {
    "overall": {
      "p50": 0.0011250012903474271,
      "p90": 0.0013750031939707696,
      "p99": 0.001667001924943179
    },
    "put": {
      "p50": 0.0011250012903474271,
      "p90": 0.0013339958968572319,
      "p99": 0.0015420009731315076
    },
    "get": {
      "p50": 0.0009590003173798323,
      "p90": 0.0010420044418424368,
      "p99": 0.0012919990695081651
    },
    "del": {
      "p50": 0.0013339958968572319,
      "p90": 0.00145800004247576,
      "p99": 0.001958003849722445
    }
  },
  "latency_sample": {
    "reservoir_k_overall": 1000,
    "reservoir_k_each": 333,
    "seen_overall": 1562,
    "every_n_ops": 128
  }
}