{
  "elapsed_seconds": 6.99329787500028,
  "total_ops": 600000,
  "ops_per_second": 85796.43120091977,
  "final_backend": "robinhood",
  "migrations_triggered": 1,
  "compactions_triggered": 0,
  "latency_ms": {
    "overall": {
      "p50": 0.010832998668774962,
      "p90": 0.016875012079253793,
      "p99": 0.01833400165196508
    },
    "put": {
      "p50": 0.011708005331456661,
      "p90": 0.016999998479150236,
      "p99": 0.01879199407994747
    },
    "get": {
      "p50": 0.00037500285543501377,
      "p90": 0.0008750066626816988,
      "p99": 0.001167005393654108
    },
    "del": {
      "p50": 0.011583993909880519,
      "p90": 0.017207989003509283,
      "p99": 0.0195419997908175
    }
  },
  "latency_sample": {
    "reservoir_k_overall": 1000,
    "reservoir_k_each": 333,
    "seen_overall": 4687,
    "every_n_ops": 128
  },
  "latency_histogram_preset": "default"
}
