{
  "elapsed_seconds": 0.42707037500076694,
  "total_ops": 200000,
  "ops_per_second": 468306.89204242005,
  "final_backend": "chaining",
  "migrations_triggered": 0,
  "compactions_triggered": 0,
  "latency_ms": {
    "overall": {
      "p50": 0.0010830044629983604,
      "p90": 0.0013749959180131555,
      "p99": 0.0015830009942874312
    },
    "put": {
      "p50": 0.0010829971870407462,
      "p90": 0.0013329990906640887,
      "p99": 0.0014170000213198364
    },
    "get": {
      "p50": 0.0009170034900307655,
      "p90": 0.0010420044418424368,
      "p99": 0.0011250012903474271
    },
    "del": {
      "p50": 0.0013329990906640887,
      "p90": 0.0014170000213198364,
      "p99": 0.0016659978427924216
    }
  },
  "latency_sample": {
    "reservoir_k_overall": 1000,
    "reservoir_k_each": 333,
    "seen_overall": 1562,
    "every_n_ops": 128
  }
}