{
  "elapsed_seconds": 27.681807417000527,
  "total_ops": 200000,
  "ops_per_second": 7224.961758717093,
  "final_backend": "chaining",
  "migrations_triggered": 0,
  "compactions_triggered": 0,
  "latency_ms": {
    "overall": {
      "p50": 0.19795799744315445,
      "p90": 0.2083750005112961,
      "p99": 0.22120799985714257
    },
    "put": {
      "p50": 0.20016700000269338,
      "p90": 0.2090419948217459,
      "p99": 0.2245419964310713
    },
    "get": {
      "p50": 0.0014170000213198364,
      "p90": 0.0015420009731315076,
      "p99": 0.0018749997252598405
    },
    "del": {
      "p50": 0.20179100101813674,
      "p90": 0.2099999983329326,
      "p99": 0.22541600628755987
    }
  },
  "latency_sample": {
    "reservoir_k_overall": 1000,
    "reservoir_k_each": 333,
    "seen_overall": 1562,
    "every_n_ops": 128
  }
}