{
  "elapsed_seconds": 0.2788737079972634,
  "total_ops": 200000,
  "ops_per_second": 717170.5121874114,
  "final_backend": "chaining",
  "migrations_triggered": 0,
  "compactions_triggered": 0,
  "latency_ms": {
    "overall": {
      "p50": 0.0005409965524449944,
      "p90": 0.0007080016075633466,
      "p99": 0.0010000003385357559
    },
    "put": {
      "p50": 0.000500003807246685,
      "p90": 0.0006250047590583563,
      "p99": 0.0008750066626816988
    },
    "get": {
      "p50": 0.0004579997039400041,
      "p90": 0.0005420006345957518,
      "p99": 0.0007090056897141039
    },
    "del": {
      "p50": 0.0006669943104498088,
      "p90": 0.0007920025382190943,
      "p99": 0.0012079981388524175
    }
  },
  "latency_sample": {
    "reservoir_k_overall": 1000,
    "reservoir_k_each": 333,
    "seen_overall": 1562,
    "every_n_ops": 128
  },
  "latency_histogram_preset": "default"
}
