{
  "elapsed_seconds": 18.99563149997266,
  "total_ops": 200000,
  "ops_per_second": 10528.736567683356,
  "final_backend": "chaining",
  "migrations_triggered": 0,
  "compactions_triggered": 0,
  "latency_ms": {
    "overall": {
      "p50": 0.12562499614432454,
      "p90": 0.1459590275771916,
      "p99": 0.1638340181671083
    },
    "put": {
      "p50": 0.1294590183533728,
      "p90": 0.145500001963228,
      "p99": 0.16433402197435498
    },
    "get": {
      "p50": 0.0009999494068324566,
      "p90": 0.001125037670135498,
      "p99": 0.001458043698221445
    },
    "del": {
      "p50": 0.13129098806530237,
      "p90": 0.14600000577047467,
      "p99": 0.15962502220645547
    }
  },
  "latency_sample": {
    "reservoir_k_overall": 1000,
    "reservoir_k_each": 333,
    "seen_overall": 1562,
    "every_n_ops": 128
  }
}