{
  "elapsed_seconds": 13.586015834000136,
  "total_ops": 200000,
  "ops_per_second": 14721.019204135133,
  "final_backend": "chaining",
  "migrations_triggered": 0,
  "compactions_triggered": 0,
  "latency_ms": {
    "overall": {
      "p50": 0.08754200098337606,
      "p90": 0.10299999848939478,
      "p99": 0.11587499466259032
    },
    "put": {
      "p50": 0.0956250005401671,
      "p90": 0.10229200415778905,
      "p99": 0.11754100705729797
    },
    "get": {
      "p50": 0.0005840047379024327,
      "p90": 0.0007499984349124134,
      "p99": 0.0012500022421590984
    },
    "del": {
      "p50": 0.09687500278232619,
      "p90": 0.10308399942005053,
      "p99": 0.11220799933653325
    }
  },
  "latency_sample": {
    "reservoir_k_overall": 1000,
    "reservoir_k_each": 333,
    "seen_overall": 1562,
    "every_n_ops": 128
  },
  "latency_histogram_preset": "default"
}