{
  "elapsed_seconds": 0.2885187499996391,
  "total_ops": 200000,
  "ops_per_second": 693195.8494907182,
  "final_backend": "chaining",
  "migrations_triggered": 0,
  "compactions_triggered": 0,
  "latency_ms": {
    "overall": {
      "p50": 0.0005420006345957518,
      "p90": 0.0007089984137564898,
      "p99": 0.0010000003385357559
    },
    "put": {
      "p50": 0.0005420006345957518,
      "p90": 0.000667001586407423,
      "p99": 0.0008749993867240846
    },
    "get": {
      "p50": 0.0004999965312890708,
      "p90": 0.0005409965524449944,
      "p99": 0.000667001586407423
    },
    "del": {
      "p50": 0.0007080016075633466,
      "p90": 0.0007919952622614801,
      "p99": 0.0010000003385357559
    }
  },
  "latency_sample": {
    "reservoir_k_overall": 1000,
    "reservoir_k_each": 333,
    "seen_overall": 1562,
    "every_n_ops": 128
  },
  "latency_histogram_preset": "default"
}
