{
  "elapsed_seconds": 29.411533915998007,
  "total_ops": 200000,
  "ops_per_second": 6800.053359039962,
  "final_backend": "chaining",
  "migrations_triggered": 0,
  "compactions_triggered": 0,
  "latency_ms": {
    "overall": {
      "p50": 0.1960419976967387,
      "p90": 0.2042090054601431,
      "p99": 0.22133300080895424
    },
    "put": {
      "p50": 0.19629099551821128,
      "p90": 0.20325000514276326,
      "p99": 0.21770800231024623
    },
    "get": {
      "p50": 0.0006250047590583563,
      "p90": 0.0008330025593750179,
      "p99": 0.0010830044629983604
    },
    "del": {
      "p50": 0.19683400023495778,
      "p90": 0.20491699979174882,
      "p99": 0.22616700152866542
    }
  },
  "latency_sample": {
    "reservoir_k_overall": 1000,
    "reservoir_k_each": 333,
    "seen_overall": 1562,
    "every_n_ops": 128
  },
  "latency_histogram_preset": "default"
}