{
  "elapsed_seconds": 9.617901375051588,
  "total_ops": 600000,
  "ops_per_second": 62383.67151033317,
  "final_backend": "robinhood",
  "migrations_triggered": 1,
  "compactions_triggered": 0,
  "latency_ms": {
    "overall": {
      "p50": 0.01595797948539257,
      "p90": 0.02458400558680296,
      "p99": 0.027334026526659727
    },
    "put": {
      "p50": 0.01712498487904668,
      "p90": 0.024957989808171988,
      "p99": 0.026749970857053995
    },
    "get": {
      "p50": 0.000500003807246685,
      "p90": 0.0007910421118140221,
      "p99": 0.0031669624149799347
    },
    "del": {
      "p50": 0.01675001112744212,
      "p90": 0.02520898124203086,
      "p99": 0.031540985219180584
    }
  },
  "latency_sample": {
    "reservoir_k_overall": 1000,
    "reservoir_k_each": 333,
    "seen_overall": 4687,
    "every_n_ops": 128
  }
}