{
  "elapsed_seconds": 13.901377583002613,
  "total_ops": 600000,
  "ops_per_second": 43161.190063179594,
  "final_backend": "robinhood",
  "migrations_triggered": 3,
  "compactions_triggered": 0,
  "latency_ms": {
    "overall": {
      "p50": 0.024125001800712198,
      "p90": 0.03491700044833124,
      "p99": 0.03870799992000684
    },
    "put": {
      "p50": 0.02487500023562461,
      "p90": 0.03495900455163792,
      "p99": 0.03899999865097925
    },
    "get": {
      "p50": 0.0009169962140731514,
      "p90": 0.0015839978004805744,
      "p99": 0.0061250029830262065
    },
    "del": {
      "p50": 0.024958004360087216,
      "p90": 0.0351249982486479,
      "p99": 0.04191599873593077
    }
  },
  "latency_sample": {
    "reservoir_k_overall": 1000,
    "reservoir_k_each": 333,
    "seen_overall": 4687,
    "every_n_ops": 128
  }
}